,Title,
"https://stackoverflow.com/questions/68836551","Keras AttributeError: 'Sequential' object has no attribute 'predict_classes'","keras"
"https://stackoverflow.com/questions/67018079","Error in ""from keras.utils import to_categorical""","keras"
"https://stackoverflow.com/questions/72334642","ImportError: cannot import name 'img_to_array' from 'keras.preprocessing.image'","keras"
"https://stackoverflow.com/questions/69783897","Compute class weight function issue in 'sklearn' library when used in 'Keras' classification (Python 3.8, only in VS code)","keras"
"https://stackoverflow.com/questions/68737130","Error while import keras: AttributeError: module 'tensorflow.compat.v2.__internal__' has no attribute 'register_clear_session_function'","keras"
"https://stackoverflow.com/questions/65718126","Adaptive Threshold error: (-215:Assertion failed) src.type() == CV_8UC1 in function 'adaptiveThreshold'","keras"
"https://stackoverflow.com/questions/64468258","Error in Image generator : Asked to retrieve element 0, but the Sequence has length 0","keras"
"https://stackoverflow.com/questions/65657277","""Cannot find reference"" when import from Keras","keras"
"https://stackoverflow.com/questions/70585705","ValueError when fitting keras model","keras"
"https://stackoverflow.com/questions/64544912","Why can't I fit the image data into model.predict in my CNN?","keras"
"https://stackoverflow.com/questions/64107989","Train-Test split for Time Series Data to be used for LSTM","keras"
"https://stackoverflow.com/questions/71111005","ModuleNotFoundError: No module named 'keras.applications.resnet50 on google colab","keras"
"https://stackoverflow.com/questions/63950888","TypeError: Failed to convert object of type Sparsetensor to Tensor","keras"
"https://stackoverflow.com/questions/68188449","No module named 'keras_tuner'","keras"
"https://stackoverflow.com/questions/67695451","Cannot import to_categorical from keras in Google Colab","keras"
"https://stackoverflow.com/questions/64698542","TypeError: __init__() got multiple values for argument 'strides'","keras"
"https://stackoverflow.com/questions/62974072","Error: Supported target types are: ('binary', 'multiclass')","keras"
"https://stackoverflow.com/questions/74327328","ModuleNotFoundError: No module named 'keras.layers.recurrent'","keras"
"https://stackoverflow.com/questions/63329774","AttributeError: 'numpy.ndarray' object has no attribute 'transform'","keras"
"https://stackoverflow.com/questions/67647843","Is there a way to ensemble two keras (h5) models trained for same classes","keras"
"https://stackoverflow.com/questions/63235060","import efficientnet.keras as efn - AttributeError: module 'keras.utils' has no attribute 'generic_utils'","keras"
"https://stackoverflow.com/questions/66667550","training loss is nan in keras LSTM","keras"
"https://stackoverflow.com/questions/64984888","add layers into keras pretrained model","keras"
"https://stackoverflow.com/questions/66220774","Difference between the input shape for a 1D CNN, 2D CNN and 3D CNN","keras"
"https://stackoverflow.com/questions/68374999","Is this the correct use of sklearn classification report for multi-label classification reports?","keras"
"https://stackoverflow.com/questions/63840525","TypeError: __init__() missing 1 required positional argument: ""units""'","keras"
"https://stackoverflow.com/questions/63779927","TypeError: categorical_crossentropy() missing 2 required positional arguments: 'y_true' and 'y_pred'","keras"
"https://stackoverflow.com/questions/63907380","Incremental learning in keras","keras"
"https://stackoverflow.com/questions/74470513","ValueError: Failed to convert a NumPy array to a Tensor","keras"
"https://stackoverflow.com/questions/66952606","What is this flatten layer doing in my LSTM?","keras"
"https://stackoverflow.com/questions/70118798","AttributeError: 'Sequential' object has no attribute 'predict_classes'","keras"
"https://stackoverflow.com/questions/69137834","Keras ValueError: Dimensions must be equal, but are 2 and 32 for '{{node Equal}} with input shapes: [?,2], [?,32,32]","keras"
"https://stackoverflow.com/questions/69587843","Error in py_call_impl(callable, dots\$args, dots\$keywords) - case similar to Leprechault but","keras"
"https://stackoverflow.com/questions/71437696","ValueError: Classification metrics can't handle a mix of multilabel-indicator and multiclass targets","keras"
"https://stackoverflow.com/questions/63139072","Batch size for Stochastic gradient descent is length of training data and not 1?","keras"
"https://stackoverflow.com/questions/65549053","TypeError: '<' not supported between instances of 'function' and 'str'","keras"
"https://stackoverflow.com/questions/72428445","error Node: 'binary_crossentropy/Cast' Cast string to float is not supported while train model","keras"
"https://stackoverflow.com/questions/67064015","InvalidArgumentError: logits and labels must have the same first dimension, got logits shape [1,10] and labels shape [40]","keras"
"https://stackoverflow.com/questions/64298824","Error: ""ANN Visualizer: Layer not supported for visualizing"" in the function ann_viz()","keras"
"https://stackoverflow.com/questions/64726074","Import Error: cannot import name 'export_saved_model'","keras"
"https://stackoverflow.com/questions/63867609","what is the difference between binary, sparse and categorical in class_mode","keras"
"https://stackoverflow.com/questions/63000145","Layer weight shape (1, 1) not compatible with provided weight shape (1,) for keras model","keras"
"https://stackoverflow.com/questions/65873433","Get Keras model.summary() as table","keras"
"https://stackoverflow.com/questions/63444641","what the Conv1D with kernel size equal to 1 do?","keras"
"https://stackoverflow.com/questions/63073170","Test data gives ""Found 0 images in 0 classes"" using flow_from_directory","keras"
"https://stackoverflow.com/questions/67585579","Pytesseract or Keras OCR to extract text from image","keras"
"https://stackoverflow.com/questions/70257686","""ValueError: Asked to retrieve element 0, but the Sequence has length 0"" in Convolutional Neural Network","keras"
"https://stackoverflow.com/questions/70496446","Parallelizing Keras Model Predict Using Multiprocessing","keras"
"https://stackoverflow.com/questions/70321694","ValueError: Found array with 0 feature(s) (shape=(2698, 0)) while a minimum of 1 is required by MinMaxScaler","keras"
"https://stackoverflow.com/questions/65451045","CNN model conditional layer in Keras","keras"
"https://stackoverflow.com/questions/68428331","Is validation_split=0.2 in Keras a cross-validation?","keras"
"https://stackoverflow.com/questions/64876076","Getting ""TypeError: cannot pickle '_thread.RLock' object"" when saving model with pickle","keras"
"https://stackoverflow.com/questions/66118626","data Augmentation while preserving existing label","keras"
"https://stackoverflow.com/questions/68032028","AttributeError: module 'keras.utils' has no attribute 'get_file' using classification_models.keras","keras"
"https://stackoverflow.com/questions/62905851","ValueError: Found two metrics with the same name: recall","keras"
"https://stackoverflow.com/questions/66866731","Numpy.NET Getting Values","keras"
"https://stackoverflow.com/questions/67018431","Dice coefficent not increasing for U-net image segmentation","keras"
"https://stackoverflow.com/questions/63342741","Applying K-fold cross validation to ANN","keras"
"https://stackoverflow.com/questions/65042925","ValueError: Input 0 of layer sequential_1 is incompatible with the layer: : expected min_ndim=4, found ndim=3. Full shape received: [None, 256, 256]","keras"
"https://stackoverflow.com/questions/67017306","Unable to save keras model in databricks","keras"
"https://stackoverflow.com/questions/64410173","AttributeError: module 'keras.applications.mobilenet' has no attribute 'preprocess'","keras"
"https://stackoverflow.com/questions/64767814","Coremltools error while converting: ""'str' object has no attribute 'decode'""","keras"
"https://stackoverflow.com/questions/64015700","Matplotlib ValueError: num must be 1 <= num <= 20, not 0","keras"
"https://stackoverflow.com/questions/71140867","Having issues with SGD/Keras in my AI chatbot","keras"
"https://stackoverflow.com/questions/73113176","Cannot clone object error when using Keras and scikit-learn for classification (Trying to Add cross validation to a working model)( Train split works)","keras"
"https://stackoverflow.com/questions/65976622","Can I use embedding layer instead of one hot as category input?","keras"
"https://stackoverflow.com/questions/63869651","Unable to import modules when using Weights and Biases' sweeps","keras"
"https://stackoverflow.com/questions/69547653","concatenate() missing 1 required positional argument: 'inputs'","keras"
"https://stackoverflow.com/questions/69727227","Adding Dropout Layers to U_Net Segmentation_Models","keras"
"https://stackoverflow.com/questions/70861260","Training DQN Agent with Multidiscrete action space in gym","keras"
"https://stackoverflow.com/questions/70098762","TypeError: __init__() got an unexpected keyword argument 'categorical_features' Google colab","keras"
"https://stackoverflow.com/questions/64626869","K-fold crossvalidation on images","keras"
"https://stackoverflow.com/questions/66495126","TypeError: Unsupported type <class 'scipy.sparse.csr.csr_matrix'> for StructuredDataAdapter","keras"
"https://stackoverflow.com/questions/69269890","Keras: AttributeError: 'Sequential' object has no attribute '_nested_inputs'","keras"
"https://stackoverflow.com/questions/70261352","OpenAI-Gym and Keras-RL: DQN expects a model that has one dimension for each action","keras"
"https://stackoverflow.com/questions/67460062","Neural Network and Binary classification Guidance","keras"
"https://stackoverflow.com/questions/62886184","Neural Network generating negative values","keras"
"https://stackoverflow.com/questions/64576751","Neural Network TypeError: unsupported operand type(s) for +=: 'Dense' and 'str'","keras"
"https://stackoverflow.com/questions/64848622","Problem having the right input for model.predict() in Keras model","keras"
"https://stackoverflow.com/questions/72242669","ValueError: Shapes (None, 1) and (None, 5) are incompatible in keras","keras"
"https://stackoverflow.com/questions/63358155","Concatenate CNN to compare two images","keras"
"https://stackoverflow.com/questions/67416938","Bayesian Optimization for LSTM","keras"
"https://stackoverflow.com/questions/70229142","Dropout on a Dense layer","keras"
"https://stackoverflow.com/questions/63351844","Why is my resnet50 model in Keras not converging?","keras"
"https://stackoverflow.com/questions/63980360","Why am I getting an almost straight line model accuracy curve?","keras"
"https://stackoverflow.com/questions/66551021","predict() got an unexpected keyword argument 'stats'","keras"
"https://stackoverflow.com/questions/62778635","Python type hinting for function with keras model","keras"
"https://stackoverflow.com/questions/63140095","roc_auc_score mismatch between y_test and y_score","keras"
"https://stackoverflow.com/questions/62817223","difference in the calculation of accuracy between keras and scikit-learn","keras"
"https://stackoverflow.com/questions/63394030","per-class validation accuracy during training","keras"
"https://stackoverflow.com/questions/63087107","ValueError: Unknown optimizer: optimizer","keras"
"https://stackoverflow.com/questions/64881855","Kernel and Recurrent Kernel in Keras LSTMs","keras"
"https://stackoverflow.com/questions/62906834","Map function in Keras","keras"
"https://stackoverflow.com/questions/64289118","What happens if my Dropout is too high? what Dropout to use on my 2048-neuron-dense layer? (very little data)","keras"
"https://stackoverflow.com/questions/65264224","TypeError: The added layer must be an instance of class Layer. Found: Tensor(""input_1:0"", shape=(None, 64, 64, 3), dtype=float32) -Python","keras"
"https://stackoverflow.com/questions/64985145","LSTM with self attention for multi class text classification","keras"
"https://stackoverflow.com/questions/70317229","keras.layers.Concatenate gives 'NoneType' object is not subscriptable","keras"
"https://stackoverflow.com/questions/64143407","model.predict() is not producing the expected labels?","keras"
"https://stackoverflow.com/questions/68625914","ModuleNotFoundError: No module named 'keras_contrib'","keras"
"https://stackoverflow.com/questions/63176966","Adding AdditiveGaussianNoise to a single image - AssertionError: Expected boolean as argument for 'return_batch'","keras"
"https://stackoverflow.com/questions/62775565","ValueError: Dimensions must be equal (keras)","keras"
"https://stackoverflow.com/questions/63117269","AttributeError: 'Tensor' object has no attribute 'lower' when applying Global MaxPooling instead of GlobalAveragePooling","keras"
"https://stackoverflow.com/questions/63469762","Weights&Biases Sweep Keras K-Fold Validation","keras"
"https://stackoverflow.com/questions/64120272","Read blob stored as .h5 and load keras model in Azure Functions in Python","keras"
"https://stackoverflow.com/questions/68031699","ValueError: Layer sequential expects 1 input(s), but it received 239 input tensors","keras"
"https://stackoverflow.com/questions/65252417","One Hot Encoded Labels and Stratified K-Fold Cross Validation","keras"
"https://stackoverflow.com/questions/62874851","Cannot clone object <keras.wrappers.scikit_learn.KerasClassifier object at 0x7f9d95dd50f0>, as the constructor either does not set","keras"
"https://stackoverflow.com/questions/63591477","can we extract VGG16/19 features for classes it was not trained on","keras"
"https://stackoverflow.com/questions/70115749","Is there any reason for changing the channels order of an image from RGB to BGR?","keras"
"https://stackoverflow.com/questions/64929588","Keras multiple inputs masking","keras"
"https://stackoverflow.com/questions/66097537","'TFOptimizer' object has no attribute 'learning_rate'","keras"
"https://stackoverflow.com/questions/71536602","Tuner search with Keras Tuner","keras"
"https://stackoverflow.com/questions/70060766","Autoencoder of CNN - decrease or increase filters?","keras"
"https://stackoverflow.com/questions/65639511","SystemError: <built-in function imread> returned NULL without setting an error (tkinter)","keras"
"https://stackoverflow.com/questions/69341394","Multi image input in keras","keras"
"https://stackoverflow.com/questions/63491385","Large data quantities in keras model.predict","keras"
"https://stackoverflow.com/questions/65818241","LSTM-based architecture for EEG signal Classification based-on ""Channel LSTM""","keras"
"https://stackoverflow.com/questions/66289419","Can Inception V3 work with image size 150x150x3?","keras"
"https://stackoverflow.com/questions/67593966","Keras error 'Keyword argument not understood:', 'subsample'","keras"
"https://stackoverflow.com/questions/63465144","I am getting list 'index out of range' while using model.predict in keras","keras"
"https://stackoverflow.com/questions/64115145","Keras Style Transfer remove zero-center by mean pixel","keras"
"https://stackoverflow.com/questions/65756787","Keras 1D CNN always predicts the same result even if accuracy is high on training set","keras"
"https://stackoverflow.com/questions/69340556","Difference between metric and loss MSE in tf.keras","keras"
"https://stackoverflow.com/questions/67216102","Keras - Mean Squared Error (MSE) calculation definition for images?","keras"
"https://stackoverflow.com/questions/65418832","Keras Multi-class Multi-label image classification: handle a mix of independent and dependent labels & non-binary output","keras"
"https://stackoverflow.com/questions/71779669","What is the default pooling size of Max pooling layers in Keras?","keras"
"https://stackoverflow.com/questions/71625705","Error Training Custom COCO Dataset with Mask R-CNN","keras"
"https://stackoverflow.com/questions/67789363","model.summary error for RNN. This model has not yet been built","keras"
"https://stackoverflow.com/questions/63101709","Keras plot_model replace the question mark by None in the model architecture","keras"
"https://stackoverflow.com/questions/64943285","Getting Precision,Recall,Sensitivity and Specificity in keras CNN","keras"
"https://stackoverflow.com/questions/63006397","MLModel works with MultiArray output but cannot successfully change the output to an image","keras"
"https://stackoverflow.com/questions/73849758","ValueError: Dimensions must be equal, but are 68 and 10 for '{{node mean_squared_error/SquaredDifference}} = SquaredDifference[T=DT_FLOAT]","keras"
"https://stackoverflow.com/questions/72029842","module imports for resnet50","keras"
"https://stackoverflow.com/questions/64230643","Keras ImageDataGenerator Low Validation Accuracy","keras"
"https://stackoverflow.com/questions/64040973","Keras LSTM input/output shape","keras"
"https://stackoverflow.com/questions/65648957","return_sequences in LSTM","keras"
"https://stackoverflow.com/questions/63731003","In Keras, does using include_top= False on my own model will remove all last dense layer and can I define the ""top"" of my model?","keras"
"https://stackoverflow.com/questions/63030205","encoding of labels for fit() in keras","keras"
"https://stackoverflow.com/questions/68503489","Shaping pandas dataframe for LSTM input","keras"
"https://stackoverflow.com/questions/72002898","Splitting up `h5` file and combining the pieces back","keras"
"https://stackoverflow.com/questions/62838589","Keras model not predicting values in the Test set","keras"
"https://stackoverflow.com/questions/62933735","Should CNN layers come before Bi-LSTM or after?","keras"
"https://stackoverflow.com/questions/68518350","KeyError: 'input_1_ib-0' when i save my autoencoder model","keras"
"https://stackoverflow.com/questions/71576422","Keras loss is NaN when training for semantic segmentation","keras"
"https://stackoverflow.com/questions/70083360","Split dataframe into smaller dataframe by column Names","keras"
"https://stackoverflow.com/questions/63338132","Keras get feature map of last layer for a specific image in VGG","keras"
"https://stackoverflow.com/questions/73934025","AttributeError: module 'keras' has no attribute '__version__'","keras"
"https://stackoverflow.com/questions/71378093","ValueError: Negative dimension size caused by subtracting 2 from 1 for '{{node conv2d_3/Conv2D}}","keras"
"https://stackoverflow.com/questions/64296624","Sequence to Sequence classification with CNN-LSTM model in keras","keras"
"https://stackoverflow.com/questions/65869114","Why models often benefit from reducing the learning rate during training","keras"
"https://stackoverflow.com/questions/68190926","Save Keras Model and Reuse It For Transfer Learning","keras"
"https://stackoverflow.com/questions/65589759","error message: '<' not supported between instances of 'ExponentialDecay' and 'int'","keras"
"https://stackoverflow.com/questions/64191754","Loading images in unlabelled subfolders using Keras's ImageDataGenerator","keras"
"https://stackoverflow.com/questions/69704467","Concatenate layer shape error in sequence2sequence model with Keras attention","keras"
"https://stackoverflow.com/questions/65316790","LSTM seq2seq input and output with different number of time steps","keras"
"https://stackoverflow.com/questions/67380042","Multi class image classification using CNN","keras"
"https://stackoverflow.com/questions/68467201","keras - Layer model_131 expects 7 input(s), but it received 1 input tensors","keras"
"https://stackoverflow.com/questions/64894824","object detection using imageAI","keras"
"https://stackoverflow.com/questions/64209325","If I want to predict the next element in a sequence of numbers, what do I need to pass as second argument to Keras' fit method?","keras"
"https://stackoverflow.com/questions/64055696","Converting .mat file to numpy array","keras"
"https://stackoverflow.com/questions/66648865","Keras Deep Learning ValueError: logits and labels must have the same shape ((None, 2) vs (None, 1))","keras"
"https://stackoverflow.com/questions/68089539","module 'keras.backend' has no attribute 'unique_object_name'","keras"
"https://stackoverflow.com/questions/65879627","LSTM for Video Input","keras"
"https://stackoverflow.com/questions/64592700","AttributeError: 'NoneType' object has no attribute 'image_data_format' keras","keras"
"https://stackoverflow.com/questions/65613315","GridsearchCV loss doesn't equal model.fit() loss values","keras"
"https://stackoverflow.com/questions/73526233","AttributeError: 'KerasRegressor' object has no attribute '__call__'","keras"
"https://stackoverflow.com/questions/64972940","shape of Conv2d in multiclass text classification","keras"
"https://stackoverflow.com/questions/71716325","Is this LSTM model underfitting, overfitting or something else?","keras"
"https://stackoverflow.com/questions/68091819","Keras binary classification different dataset same prediction results","keras"
"https://stackoverflow.com/questions/73197501","raise ValueError No gradients provided for any variables -Custom loss function","keras"
"https://stackoverflow.com/questions/65588369","Issue with shape on CNN with grayscale images","keras"
"https://stackoverflow.com/questions/65067210","What do units and layers do in neural network?","keras"
"https://stackoverflow.com/questions/64073249","Why does Keras.preprocessing.sequence pad_sequences process characters instead of words?","keras"
"https://stackoverflow.com/questions/69436647","Training Accuracy Stuck at 0.50+-","keras"
"https://stackoverflow.com/questions/67918032","Facing ValueError: Shapes (None, None) and (None, 256, 256, 12) are incompatible","keras"
"https://stackoverflow.com/questions/66704712","Keras image binary classification, which class is assigned probability 0 and 1 ? Using Functional API","keras"
"https://stackoverflow.com/questions/65220245","LSTM in keras, input shape, timesteps vs nfeatures","keras"
"https://stackoverflow.com/questions/68266490","Dimension of Query and Key Tensor in MultiHeadAttention","keras"
"https://stackoverflow.com/questions/72293652","Trouble with setting the objective function in BayesianOptimization tuner in keras_tuner","keras"
"https://stackoverflow.com/questions/70010008","Unknown metric val_accuracy using Keras Tuner","keras"
"https://stackoverflow.com/questions/63572183","Why am I getting horizontal line (almost zero) from neural network instead of the desired curve?","keras"
"https://stackoverflow.com/questions/68201786","Different loss values and accuracies of MLP regressor in keras and scikit-learn","keras"
"https://stackoverflow.com/questions/72870729","Can the validation data be used in model.fit for prediction?","keras"
"https://stackoverflow.com/questions/63083555","Binary Crossentropy accuracy of keras model is not changing","keras"
"https://stackoverflow.com/questions/66612464","InvalidArgumentError: Incompatible shapes: [15,3] vs. [100,3]","keras"
"https://stackoverflow.com/questions/64117006","Best practice to include categorical features along with sequences in LSTM for sequence prediction?","keras"
"https://stackoverflow.com/questions/67652979","Keras custom loss with dynamic global variable","keras"
"https://stackoverflow.com/questions/73506939","Attempt to convert a value (<PIL.BmpImagePlugin.BmpImageFile image mode=L size=190x100 at 0x7F35C52AD210>) with an unsupported type to a Tensor","keras"
"https://stackoverflow.com/questions/63243042","Why do we use the smooth variable to calculate dice_coef or IoU in keras model?","keras"
"https://stackoverflow.com/questions/67649043","Train and Test accuracy separately in Keras","keras"
"https://stackoverflow.com/questions/67827393","Tensor shape does not match target value in testing","keras"
"https://stackoverflow.com/questions/64211276","ValueError: Shapes (None, 1) and (None, 2) are incompatible(Convolutional Neural Networks using keras and opencv)","keras"
"https://stackoverflow.com/questions/73566914","Keras Resizing layer not accepting different sized images as input","keras"
"https://stackoverflow.com/questions/64223156","Yet another ""Error when checking target: expected dense_2 to have shape (4,) but got array with shape (1,)""","keras"
"https://stackoverflow.com/questions/63586130","Can i call model.fit multiple times in keras?","keras"
"https://stackoverflow.com/questions/67102278","expected ndim=3, found ndim=4. when using K.function() in keras backend to get intermediate layers in a model","keras"
"https://stackoverflow.com/questions/65267148","save and load numpy ndarray as txt file (keras weights)","keras"
"https://stackoverflow.com/questions/69222905","Split image array and labels dataframe into train, test and validataion sets","keras"
"https://stackoverflow.com/questions/65611713","What is the meaning of scikit-learn GridSearchCV best_score_ when GridSearchCV is used with KerasRegressor?","keras"
"https://stackoverflow.com/questions/68378067","Getting canvas coordinates in python -For mac especially","keras"
"https://stackoverflow.com/questions/72680522","ValueError: shapes (784,32) and (10,784) not aligned: 32 (dim 1) != 10 (dim 0) for Neural Network","keras"
"https://stackoverflow.com/questions/71079161","Not able to import saved keras model from load_model in VSCode","keras"
"https://stackoverflow.com/questions/63538865","If Keras steps_per_epoch argument is set to value less than (num. samples / batch size) will samples used in every epoch be always the same?","keras"
"https://stackoverflow.com/questions/63470318","Load weights for last layer (output layer) to a new model from trained network","keras"
"https://stackoverflow.com/questions/64351742","What does layer.get_weights() of a Separable convolutional layer means?","keras"
"https://stackoverflow.com/questions/73199505","Confusion Matrix for Binary Classification with NN","keras"
"https://stackoverflow.com/questions/67120355","Combine output of one model with another","keras"
"https://stackoverflow.com/questions/69045748","AttributeError: 'KerasClassifier' object has no attribute 'add'","keras"
"https://stackoverflow.com/questions/69236416","tf.keras.layers.concatenate throws a ""SyntaxError: invalid syntax""","keras"
"https://stackoverflow.com/questions/69135574","Keras Sklearn Tuner module 'sklearn' has no attribute 'pipeline'","keras"
"https://stackoverflow.com/questions/64945630","Increase accuracy of CNN model (stuck at really low accuracy)","keras"
"https://stackoverflow.com/questions/63755812","Evaluating my model in new unseen dataset","keras"
"https://stackoverflow.com/questions/72361384","Is k-folds cross validation a smarter idea than using a validation set instead?","keras"
"https://stackoverflow.com/questions/69136641","Why my LSTM for Multi-Label Text Classification underperforms?","keras"
"https://stackoverflow.com/questions/63332238","training loss during LSTM training is higher than validation loss","keras"
"https://stackoverflow.com/questions/63214545","Binary classification of multiple independent Sequences using Keras","keras"
"https://stackoverflow.com/questions/67655499","Change anchors to increase IOU for Regional Proposal Network (RPN) using VGG Keras","keras"
"https://stackoverflow.com/questions/63557915","Unable to load model with custom_object (in a different file) in Google Colab","keras"
"https://stackoverflow.com/questions/68834775","Troubleshooting Keras with LSTM and CNN for time series classification","keras"
"https://stackoverflow.com/questions/65573660","Why is there just one momentum parameter in keras Batchnorm?","keras"
"https://stackoverflow.com/questions/63812826","Is it possible to get output of embedding keras layer?","keras"
"https://stackoverflow.com/questions/62740013","Does pooling layer mandatory when using CNN with LSTM in keras?","keras"
"https://stackoverflow.com/questions/64863256","list index out of range error when I want fit a model in keras","keras"
"https://stackoverflow.com/questions/68290705","Loss function that ignores missing target values in keras for R","keras"
"https://stackoverflow.com/questions/62777173","Adding fully connected layers to CNN","keras"
"https://stackoverflow.com/questions/72133736","NotImplementedError for predict keras for vae","keras"
"https://stackoverflow.com/questions/67460818","AttributeError: 'str' object has no attribute 'ndim' [Python | Keras]","keras"
"https://stackoverflow.com/questions/66715975","Class weights in CNN","keras"
"https://stackoverflow.com/questions/69247618","utf-8 decode error when trying to feed an image into a model","keras"
"https://stackoverflow.com/questions/67659532","LSTM outputs flat line","keras"
"https://stackoverflow.com/questions/64435490","ValueError: logits and labels must have the same shape","keras"
"https://stackoverflow.com/questions/65767416","Concatenation of ResNet (2D images) with fully-connected network (1D input)","keras"
"https://stackoverflow.com/questions/65974053","Add units (Neurons) to an existing model in Keras","keras"
"https://stackoverflow.com/questions/67161033","Improve Accuracy in neural network with Keras","keras"
"https://stackoverflow.com/questions/68738166","transfer learning in keras when input shape is different","keras"
"https://stackoverflow.com/questions/66094139","Issue setting up SciKeras model","keras"
"https://stackoverflow.com/questions/70893074","ValueError: Dimensions must be equal, but are 508 and 512","keras"
"https://stackoverflow.com/questions/64770250","Input Complex number for tensorflow,keras","keras"
"https://stackoverflow.com/questions/65155109","Faster RCNN Anchor Generation","keras"
"https://stackoverflow.com/questions/63909480","Why can't I use softmax in regression task for probabilities?","keras"
"https://stackoverflow.com/questions/68152276","Using roberta model cannot define the model .compile or summary","keras"
"https://stackoverflow.com/questions/63151263","Keras, get numpy array of corresponding labels from DataFrameIterator","keras"
"https://stackoverflow.com/questions/65840137","Espresso exception: ""Invalid argument"":general shape kernel while loading mlmodel","keras"
"https://stackoverflow.com/questions/69787272","Keras predicting floating point output for a binary problem","keras"
"https://stackoverflow.com/questions/70890429","Tokenizing Chinese text with keras.preprocessing.text.Tokenizer","keras"
"https://stackoverflow.com/questions/67289508","Can I split my long sequences into 3 smaller ones and use a stateful LSTM for 3 samples?","keras"
"https://stackoverflow.com/questions/71319941","Getting Only Zeros from Model.Predict() When Using Individual Data Points But Getting both 1's and 0's when Using Entire Test Dataset","keras"
"https://stackoverflow.com/questions/65807614","Numpy array as an input to model","keras"
"https://stackoverflow.com/questions/64373015","Keras - Sample weight and ImageDataGenerator.flow_from_directory","keras"
"https://stackoverflow.com/questions/72255640","Keras VGG19: Node: 'Equal' Incompatible shapes: [64,7,7] vs. [64,1]","keras"
"https://stackoverflow.com/questions/63205737","ValueError: Error when checking input: expected dense_1_input to have shape (1,) but got array with shape (5000,)","keras"
"https://stackoverflow.com/questions/67120386","Keras LSTM error - Logits and labels should have the same shape","keras"
"https://stackoverflow.com/questions/72357588","The added layer must be an instance of class Layer","keras"
"https://stackoverflow.com/questions/63822281","Issue with modifying a Keras class to include call function","keras"
"https://stackoverflow.com/questions/62786636","Keras LearningRateScheduler isn't executing due to an output type error","keras"
"https://stackoverflow.com/questions/65906978","Keras Single Input Multiple Outputs - why losses are so high comparing with Single Output?","keras"
"https://stackoverflow.com/questions/64222798","ValueError: Input 0 of layer lstm_17 is incompatible with the layer: expected ndim=3, found ndim=2. Full shape received: [None, 128]","keras"
"https://stackoverflow.com/questions/71040019","CNN data doesn't fit in memory (kernel dies)","keras"
"https://stackoverflow.com/questions/69866889","Keras embedding layer set_weights() error on google colab","keras"
"https://stackoverflow.com/questions/64607196","ValueError: Error when checking input: expected input_1 to have shape (224, 224, 3) but got array with shape (3, 224, 224)","keras"
"https://stackoverflow.com/questions/66461525","Pre-trained embedding layer: tf.constant with unsupported shape","keras"
"https://stackoverflow.com/questions/68171198","Is there any way to obtain features of any layer from autoencoder in Keras?","keras"
"https://stackoverflow.com/questions/67597878","I want to add one-to-one layer to deep learning with keras","keras"
"https://stackoverflow.com/questions/66232563","Cannot save a Keras model, is this a bug?","keras"
"https://stackoverflow.com/questions/71963038","Word2Vec + LSTM Good Training and Validation but Poor on Test","keras"
"https://stackoverflow.com/questions/65377916","Why is this ML model giving me zero accuracy?","keras"
"https://stackoverflow.com/questions/65228352","Matrix inverse approximation with keras dense model","keras"
"https://stackoverflow.com/questions/68307607","keras data generator for multi task learning with non image data format","keras"
"https://stackoverflow.com/questions/62918396","Modifying residual LSTM","keras"
"https://stackoverflow.com/questions/63867982","Incompatible shape problem with Keras ( segmentation model) for batch_size>1","keras"
"https://stackoverflow.com/questions/70663782","ValueError: Layer weight shape (30522, 768) not compatible with provided weight shape ()","keras"
"https://stackoverflow.com/questions/70871252","fit_generator() returns NoneType instead of History object in Mask R CNN","keras"
"https://stackoverflow.com/questions/62891672","ValueError: It seems that you are using the Keras 2 and you are passing both `kernel_size` and `strides` as integer positional arguments","keras"
"https://stackoverflow.com/questions/64524078","Python can't apply fit_generator to keras model with multiple input","keras"
"https://stackoverflow.com/questions/66145265","Do i Need to fine tune the last convolutional layers in a state of art CNN models like ResNet50?","keras"
"https://stackoverflow.com/questions/66069636","Is using softmax as a hidden layer activation function acceptable in a regression (NOT classification) problem?","keras"
"https://stackoverflow.com/questions/75523326","ValueError: Attempt to convert a value with an unsupported type to a Tensor","keras"
"https://stackoverflow.com/questions/66192675","Why GAN is unable to generate samples from some distributions?","keras"
"https://stackoverflow.com/questions/67276696","Binary Classification NN Model Weights not being Trained in PyGAD","keras"
"https://stackoverflow.com/questions/65264665","Add a rescaling layer to a keras model","keras"
"https://stackoverflow.com/questions/63141389","Keras continuous training with DB","keras"
"https://stackoverflow.com/questions/65402219","Value Error from callbacks in sentdex tutorial","keras"
"https://stackoverflow.com/questions/64293642","ValueError: Input 0 is incompatible with layer lstm_15: expected ndim=3, found ndim=2","keras"
"https://stackoverflow.com/questions/65163961","Displaying model summary on dash","keras"
"https://stackoverflow.com/questions/69957491","Missing Positional Argument X","keras"
"https://stackoverflow.com/questions/65269119","Encoder-Decoder for Trajectory Prediction","keras"
"https://stackoverflow.com/questions/68397670","Why does keras test generator only return batch size as the length in the shape of the array?","keras"
"https://stackoverflow.com/questions/70245587","why do we reshape grayscale image to (x,y,1)?","keras"
"https://stackoverflow.com/questions/68407285","CSV MNIST data set: ValueError: Shapes (None, 10) and (None, 28, 10) are incompatible","keras"
"https://stackoverflow.com/questions/68663075","Why does my `train_test_split()` returns same samples","keras"
"https://stackoverflow.com/questions/72201150","Siamese Network for binary classification with pre-encoded inputs","keras"
"https://stackoverflow.com/questions/68141582","I want to create a regression model by transfer learning, but I get an error","keras"
"https://stackoverflow.com/questions/73547885","ValueError: A target array with shape (128, 36) was passed for an output of shape (None, 2048) while using as loss `categorical_crossentropy`","keras"
"https://stackoverflow.com/questions/72189340","Unable to perform Grid Search for models receiving more than one input (Keras)","keras"
"https://stackoverflow.com/questions/71072617","Varying the number of neurons per hidden layer for dynamically created layers using GridSearchCV","keras"
"https://stackoverflow.com/questions/67899421","Training keras model in AWS Sagemaker","keras"
"https://stackoverflow.com/questions/64686134","keras setting trainable flag on pretrained model","keras"
"https://stackoverflow.com/questions/66661531","Preparing Pandas DataFrame for LSTM","keras"
"https://stackoverflow.com/questions/65534063","R: Error in is_symbol(x) : object '.' not found (keras)","keras"
"https://stackoverflow.com/questions/65970626","regularizer causes ""ValueError: Shapes must be equal rank""","keras"
"https://stackoverflow.com/questions/65580707","KerasClassifier object has no attribute model","keras"
"https://stackoverflow.com/questions/64412350","Confusion Matrix in transfer learning with keras","keras"
"https://stackoverflow.com/questions/64376574","Where to create model object in keras in K-Fold Cross validation?","keras"
"https://stackoverflow.com/questions/72978354","Get most similar words for matrix of word vectors","keras"
"https://stackoverflow.com/questions/74352793","Resizing numpy array from (32,32,3) to (224,224,3)","keras"
"https://stackoverflow.com/questions/66138333","Is the first axis 0 or 1 in keras.layers.BatchNormalization()?","keras"
"https://stackoverflow.com/questions/71840346","keras vs. tensorflow.keras","keras"
"https://stackoverflow.com/questions/70762440","Manipulating Pyspark dataframes for the LSTM model","keras"
"https://stackoverflow.com/questions/67328446","Loss function and batch size in Keras","keras"
"https://stackoverflow.com/questions/71354254","keras, LSTM - predict on inputs of different length?","keras"
"https://stackoverflow.com/questions/65215572","Keras ValueError: Shapes (None, 1) and (None, 16) are incompatible","keras"
"https://stackoverflow.com/questions/71490737","Builing Custom Predict Function for Model in Keras","keras"
"https://stackoverflow.com/questions/63713842","MNIST data classification not working on Google Colab","keras"
"https://stackoverflow.com/questions/70489768","Text classification using Word2Vec and Pos tag","keras"
"https://stackoverflow.com/questions/64118767","One-hot encoding labels for binary text classification that are already 0s and 1s?","keras"
"https://stackoverflow.com/questions/66560716","Image segmentation: Image and label IDs don't match in order to evaluate the results in prediction step","keras"
"https://stackoverflow.com/questions/67105434","Keras.NET Using a Model as a Layer","keras"
"https://stackoverflow.com/questions/63751006","Keras CNN model throws a memory issue when I try to train it","keras"
"https://stackoverflow.com/questions/68652972","CNN with Keras, high acc during training but low during testing for same data set","keras"
"https://stackoverflow.com/questions/72386472","Image Classification: train_datagen.flow_from_directory not picking up any images","keras"
"https://stackoverflow.com/questions/62810922","Loading pre trained Attention model in keras custom_objects","keras"
"https://stackoverflow.com/questions/69616715","Meaning of model.add(tf.keras.layers.Lambda(lambda x: x * 200))","keras"
"https://stackoverflow.com/questions/64488034","InceptionResnetV2 STEM block keras implementation mismatch the one in the original paper?","keras"
"https://stackoverflow.com/questions/67533492","Tuning hyperparameters with Keras return different results depending on the method used","keras"
"https://stackoverflow.com/questions/64758511","Can a neural network accept an object (i.e. not numerical nor string) as an input?","keras"
"https://stackoverflow.com/questions/67345023","What is the correct input shape of multivariate time series for LSTM in keras?","keras"
"https://stackoverflow.com/questions/70231462","Cannot Run Keras Model On GPU With Plaidml","keras"
"https://stackoverflow.com/questions/65281281","Keras RandomRotation layer produces black lines?","keras"
"https://stackoverflow.com/questions/65626938","locally connected layer on the columns of an input matrix using keras in python","keras"
"https://stackoverflow.com/questions/64000749","Dimension Issues with Keras Conv2D followed by LSTM","keras"
"https://stackoverflow.com/questions/69560348","Transfer Learning with VGG16 Model Fit Error","keras"
"https://stackoverflow.com/questions/66276392","training model for different batch sizes in keras","keras"
"https://stackoverflow.com/questions/62953272","Target_size image_gen.flow_from_dataframe InceptionResNetV2 (Keras) for smaller images","keras"
"https://stackoverflow.com/questions/73432054","What value to set for max_len in pad sequences?","keras"
"https://stackoverflow.com/questions/66950887","Unable to identify the image causing error - PIL.UnidentifiedImageError: cannot identify image file","keras"
"https://stackoverflow.com/questions/74953148","Stacking classifiers (sklearn and keras models) via StackingCVClassifier problem","keras"
"https://stackoverflow.com/questions/63796421","ValueError: Shapes (None, 6) and (None, 5) are incompatible","keras"
"https://stackoverflow.com/questions/64713492","Is there a way to log the keras model summary to neptune?","keras"
"https://stackoverflow.com/questions/72830890","Do I need to compile the model again after loading the model from a "".h5"" file in keras?","keras"
"https://stackoverflow.com/questions/68361270","Getting the true labels for augmented data from Keras data generator when batch size is greater than 1 using flow_from_dataframe","keras"
"https://stackoverflow.com/questions/65396408","Why am I getting list of lists as output for model.predict in keras","keras"
"https://stackoverflow.com/questions/74065619","NLP BERT in R with tensorflow/Keras setup","keras"
"https://stackoverflow.com/questions/71224003","Scikeras with multioutput","keras"
"https://stackoverflow.com/questions/64775882","Trying to solve data dimension mismatch in keras","keras"
"https://stackoverflow.com/questions/63650807","disable the keras ""Found # images belonging to # classes."" message","keras"
"https://stackoverflow.com/questions/67759340","Shape incompatible error while using ImageDataGenerator for transfer learning","keras"
"https://stackoverflow.com/questions/69362988","Predicting high values with keras and regression","keras"
"https://stackoverflow.com/questions/71222184","AttributeError: 'DataFrame' object has no attribute 'convert_to_tensor'","keras"
"https://stackoverflow.com/questions/68538592","Housing Machine Learning Error: ""Supported target types are: ('binary', 'multiclass'). Got 'multilabel-indicator' instead""","keras"
"https://stackoverflow.com/questions/63703263","Why Google Colab only train the 2 first steps of the first epoch (keras)?","keras"
"https://stackoverflow.com/questions/72900728","Need to increase the accuracy of my LSTM model","keras"
"https://stackoverflow.com/questions/63542262","Implementing a Keras Layer that takes inputs of different shape for a Region Proposal Network (functional API)","keras"
"https://stackoverflow.com/questions/66863527","Error with matplotlib scatter plot due to color palette","keras"
"https://stackoverflow.com/questions/73742308","Looks like keras Normalization layer doesn't denormalize properly","keras"
"https://stackoverflow.com/questions/68672851","`flow_from_dataframe()` custom pre-processing","keras"
"https://stackoverflow.com/questions/65094975","Why is the probability predicted by my keras model always zero","keras"
"https://stackoverflow.com/questions/70525591","ImportError: cannot import name 'HeNormal' from 'keras.initializers'","keras"
"https://stackoverflow.com/questions/75225720","NN: AttributeError: 'History' object has no attribute 'predict'","keras"
"https://stackoverflow.com/questions/70968945","Issues in Keras-Ocr Running in GCP VM Notebook","keras"
"https://stackoverflow.com/questions/70074155","ValueError: Input 0 of layer sequential is incompatible with the layer: expected axis -1 of input shape to have value 3 but received input with shape","keras"
"https://stackoverflow.com/questions/67227575","Keras Categorical Cross Entropy","keras"
"https://stackoverflow.com/questions/63206710","Multiply output of Keras layer with a scalar","keras"
"https://stackoverflow.com/questions/71406722","Autoencoder with tied weights in Keras using Model()","keras"
"https://stackoverflow.com/questions/66392645","Can't make `pandas` module available in `reticulate`","keras"
"https://stackoverflow.com/questions/71993639","Intermediate Output of let' s say Resnet50 from Keras Model","keras"
"https://stackoverflow.com/questions/65093004","Preprocessing an image dataset including division into training and test sets","keras"
"https://stackoverflow.com/questions/66026573","Multi-layer Dense Output Keras","keras"
"https://stackoverflow.com/questions/64200031","Why does my time series data frame restrict the number of time steps I'd like to use in my LSTM?","keras"
"https://stackoverflow.com/questions/66095761","Keras: feed multiple inputs to ONE input layer at a time and then sum results before the output","keras"
"https://stackoverflow.com/questions/72981649","Overfitting on LSTM text classification using Keras","keras"
"https://stackoverflow.com/questions/67001999","keras: Shapes (None, 1) and (None, 3) are incompatible","keras"
"https://stackoverflow.com/questions/71938687","Out of memory training CNN-LSTM with GPU in Jupyter notebook","keras"
"https://stackoverflow.com/questions/62941044",".h5 keras model to coreml conversion for classification does not work in IOS","keras"
"https://stackoverflow.com/questions/67294013","What is the extra set of parenthesis outside of the parentheses for creating a layer object in Python / Keras?","keras"
"https://stackoverflow.com/questions/72332126","Variable input and output size for Keras","keras"
"https://stackoverflow.com/questions/64765817","Keras prediction of simple non-linear regression","keras"
"https://stackoverflow.com/questions/64983112","Keras vertical ensemble model with condition in between","keras"
"https://stackoverflow.com/questions/74561274","ValueError: `decode_predictions` expects a batch of predictions (i.e. a 2D array of shape (samples, 1000)). Found array with shape: (1, 26)","keras"
"https://stackoverflow.com/questions/67462188","accuracy: precision: recall: 0.9020 are always the same","keras"
"https://stackoverflow.com/questions/72541650","ValueError: in LSTM model","keras"
"https://stackoverflow.com/questions/72965428","Why is a CNN model struggling to classify a colored MNIST?","keras"
"https://stackoverflow.com/questions/68380317","OCR Machine Learning in Python -Training model with keras","keras"
"https://stackoverflow.com/questions/70633904","is keras Bidirectional LSTM when return_sequences=false equivalent to [forward pass + single step backward]?","keras"
"https://stackoverflow.com/questions/72937432","Positive class in keras classification report has a precision of zero","keras"
"https://stackoverflow.com/questions/62845291","Epochs loss is coming as NaN","keras"
"https://stackoverflow.com/questions/63136566","Input and output shapes in keras ANN","keras"
"https://stackoverflow.com/questions/72067697","Keras - Dense and Conv2D values","keras"
"https://stackoverflow.com/questions/68617894","Low accuracy i.e. 52% in predicting whereas the training and validation accuracy during training is around 92%","keras"
"https://stackoverflow.com/questions/64408681","Getting an error regarding input shape when calling predict function for a LSTM model","keras"
"https://stackoverflow.com/questions/64876315","Structure diagram of the keras LSTM","keras"
"https://stackoverflow.com/questions/70127452","Why model.predict() is getting worse accuracy than model.fit() with the same x_train?","keras"
"https://stackoverflow.com/questions/67241372","Keras autoencoder model for detect anomaly in text","keras"
"https://stackoverflow.com/questions/62961242","Why am I getting 100% accuracy using feed-forward neural networks for separate training, validation, and testing datasets in Keras?","keras"
"https://stackoverflow.com/questions/71067304","Unzip and load keras model python google colab","keras"
"https://stackoverflow.com/questions/62820667","Test predictions are all the same","keras"
"https://stackoverflow.com/questions/62912497","Keras wrong accuracy using model.predict","keras"
"https://stackoverflow.com/questions/64890003","Boolean Labels Training with Keras causes the error ""Please provide data which shares the same first dimension""","keras"
"https://stackoverflow.com/questions/65992442","ResNet: ValueError: Input 0 is incompatible with layer model_7","keras"
"https://stackoverflow.com/questions/76139931","Azure VM Loaded runtime CuDNN library: 8.2.4 but source was compiled with: 8.6.0","keras"
"https://stackoverflow.com/questions/73134520","Data augmentation in Keras model","keras"
"https://stackoverflow.com/questions/64587332","CTC loss implementation in keras","keras"
"https://stackoverflow.com/questions/63706825","Implication of binary cross entropy loss value in Keras?","keras"
"https://stackoverflow.com/questions/68418501","The formula of neural networks in Keras","keras"
"https://stackoverflow.com/questions/74042903","Is it possible to do feature selection within the Keras deep learning framework?","keras"
"https://stackoverflow.com/questions/69549336","Pre-trained CNN for multi-output models","keras"
"https://stackoverflow.com/questions/66484529","Issue passing concatenated inputs to LSTM in keras","keras"
"https://stackoverflow.com/questions/71802729","Keras Semantic Similarity model from pre-trained embeddings","keras"
"https://stackoverflow.com/questions/64285854","Confusion Matrix error : Mismatched Datatypes between Actual and Predicted Values","keras"
"https://stackoverflow.com/questions/75644453","Keras load_model: Unexpected keyword argument passed to optimizer: weight_decay","keras"
"https://stackoverflow.com/questions/69705315","Keras doesn't predict multi output correctly","keras"
"https://stackoverflow.com/questions/69433897","ValueError: Error when checking input: expected keras_layer_input to have 4 dimensions, but got array with shape (10, 1)","keras"
"https://stackoverflow.com/questions/66671579","What should be filters and kernel size in Conv2DTranspose?","keras"
"https://stackoverflow.com/questions/66483351","Keras expected embedding_13_input to have 2 dimensions, but got array with shape (20, 7, 12)","keras"
"https://stackoverflow.com/questions/65527210","LSTM sequence prediction overfits on one specific value only","keras"
"https://stackoverflow.com/questions/73510417","Can we have a dense layer between Conv layers in 1D CNN Architecture?","keras"
"https://stackoverflow.com/questions/75286299","detectAllFaces() method can not recognize any faces in face-api.js","keras"
"https://stackoverflow.com/questions/65464420","Custom loss function using multiple indirect values in Keras","keras"
"https://stackoverflow.com/questions/66615069","Keras layers.pop() is not removing layer","keras"
"https://stackoverflow.com/questions/64271628","""loss : nan"" in training of ""convolution 1D"" neural Network for tabular data","keras"
"https://stackoverflow.com/questions/65068687","TypeError: texts_to_matrix() got an unexpected keyword argument 'num_words'","keras"
"https://stackoverflow.com/questions/69382202","Keras_ocr - Failed to recognize_from_boxes","keras"
"https://stackoverflow.com/questions/63195539","Jupyter notebook error ""The kernel appears to have died. It will restart automatically""","keras"
"https://stackoverflow.com/questions/62792433","Is that possible that top-5 accuracy lower than top-1 accuracy?","keras"
"https://stackoverflow.com/questions/72978819","AttributeError: 'Concatenate' object has no attribute 'compile'","keras"
"https://stackoverflow.com/questions/64670149","Understanding scikit-learn ValueError: setting an array element with a sequence due to data shape","keras"
"https://stackoverflow.com/questions/74635602","Kerastuner search doesn't get restarted even with Overwrite flag set to true","keras"
"https://stackoverflow.com/questions/64707451","Dropout Training Parameter","keras"
"https://stackoverflow.com/questions/67415771","Custom adaptive loss function with additional dynamic argument in Keras","keras"
"https://stackoverflow.com/questions/64414523","ValueError: Error when checking target: expected dense_16 to have shape (1,) but got array with shape (30,)","keras"
"https://stackoverflow.com/questions/65204482","Training loss decrease but accuracy is always 0?","keras"
"https://stackoverflow.com/questions/74680849","Save keras-tuner results as pandas Dataframe","keras"
"https://stackoverflow.com/questions/65835778","Feed keras model input to the output layer","keras"
"https://stackoverflow.com/questions/71966350","Word2Vec + CNN Overfitting","keras"
"https://stackoverflow.com/questions/65822423","Object detection very low accuracy","keras"
"https://stackoverflow.com/questions/64613426","Improve results for a multi-label text classification problem using deep learning","keras"
"https://stackoverflow.com/questions/74393534","An error in loading deep learning model via pickle","keras"
"https://stackoverflow.com/questions/65834886","using class_weight for imbalancing data-.fit_generator()","keras"
"https://stackoverflow.com/questions/75589263","Convert Numpy Array to Bitmap in C#, Keras.Net","keras"
"https://stackoverflow.com/questions/69193892","autoencoder for cifar 10 with low accuracy","keras"
"https://stackoverflow.com/questions/71140920","Keras concatenate Sequential and Dense models","keras"
"https://stackoverflow.com/questions/62875335","why did i got 2 different losses for sparse_categorical_crossentropy and categorical_crossentropy?","keras"
"https://stackoverflow.com/questions/70153613","Converting image/array list for keras input R","keras"
"https://stackoverflow.com/questions/64388599","Fashion-MNIST using keras","keras"
"https://stackoverflow.com/questions/71488360","reinforcement learning in NodeJS?","keras"
"https://stackoverflow.com/questions/64994564","k_log function in Keras for R: Is it the logarithm for the base e (natural logartihm) or for the base 10?","keras"
"https://stackoverflow.com/questions/66531781","Multi-Scale CNN","keras"
"https://stackoverflow.com/questions/73678514","VGG19 neural network for single-channel images using in SRGAN","keras"
"https://stackoverflow.com/questions/65224907","Numpy reshape list to 3D Array","keras"
"https://stackoverflow.com/questions/63332921","Why it is reshaped the last layers of VGG_UNet segmentation model?","keras"
"https://stackoverflow.com/questions/67379877","I have problem in keras , I have deleted some .py files","keras"
"https://stackoverflow.com/questions/73164707","AttributeError: 'Tokenizer' object has no attribute 'oov_token'","keras"
"https://stackoverflow.com/questions/63355507","Can a Neural Network Image Classifier distinguish between similar classes?","keras"
"https://stackoverflow.com/questions/68920570","correlating between prediction result to label","keras"
"https://stackoverflow.com/questions/66589663","compilation issue in GAN","keras"
"https://stackoverflow.com/questions/74987168","Keras prediction incorrect with scaler and feature selection","keras"
"https://stackoverflow.com/questions/64585031","validation loss and accuracy rising","keras"
"https://stackoverflow.com/questions/62831797","Multiclassification task using keras","keras"
"https://stackoverflow.com/questions/67215260","Converting image to array using Open-CV and Kreas giving different output","keras"
"https://stackoverflow.com/questions/68705401","Keras issue with incompatible layer","keras"
"https://stackoverflow.com/questions/65128463","Approximating determinant with keras","keras"
"https://stackoverflow.com/questions/63059734","Keras evaluate generator","keras"
"https://stackoverflow.com/questions/71861819","Neural Network train and val accuracy score is 0.00000","keras"
"https://stackoverflow.com/questions/65507292","keras predict_proba return values higher than 1","keras"
"https://stackoverflow.com/questions/75038672","Does mlflow support to save model to .h5?","keras"
"https://stackoverflow.com/questions/63654485","My Keras convolutional model predicted the same image which were imported from different paths, but the prediction results are different","keras"
"https://stackoverflow.com/questions/71178099","Advisable ways to shape my data as input for a RNN","keras"
"https://stackoverflow.com/questions/69199961","OOM error when training the BERT Keras model","keras"
"https://stackoverflow.com/questions/64959480","Data cardinality is ambiguous error in Keras","keras"
"https://stackoverflow.com/questions/70991353","Custom loss function in keras? Correntropy. Math/implementation issues","keras"
"https://stackoverflow.com/questions/71795495","Unclear scoring metric of keras-tuner's SklearnTuner","keras"
"https://stackoverflow.com/questions/65152599","Dueling DQN updates model architecture and causes issues","keras"
"https://stackoverflow.com/questions/65696461","What do functions prod, cast and shape from keras.backend?","keras"
"https://stackoverflow.com/questions/68639876","keras error in model fit ValueError: Shapes (32, 147) and (32, 2) are incompatible","keras"
"https://stackoverflow.com/questions/65214416","I can't get a value with key in python dictionary","keras"
"https://stackoverflow.com/questions/67134464","Windows 10 - No Module named 'keras'","keras"
"https://stackoverflow.com/questions/67028358","""val_loss"" didn't improved from inf, but loss decreases nicely","keras"
"https://stackoverflow.com/questions/69502330","Keras Tokenizer only tokenizing the first row of CSV file","keras"
"https://stackoverflow.com/questions/67730059","Very different results from same Keras model, built with Sequential or functional style","keras"
"https://stackoverflow.com/questions/64875492","Understanding the time steps and samples in keras LSTM","keras"
"https://stackoverflow.com/questions/75369610","Keras timeseries_dataset_from_array with multiple column types?","keras"
"https://stackoverflow.com/questions/65473333","R: Tibble Conversions","keras"
"https://stackoverflow.com/questions/72909937","Why is there no documentation for keras.engine?","keras"
"https://stackoverflow.com/questions/70605358","Machine learning models with same accuracy metrics but different visualization of predicted vs test","keras"
"https://stackoverflow.com/questions/62954101","Include AdditiveGaussianNoise to customized ImageDataGenerator(sequence)","keras"
"https://stackoverflow.com/questions/67962388","Evaluating DenseNet model in Keras with weighted classes","keras"
"https://stackoverflow.com/questions/72845060","ValueError: x, y, and format string must not be None","keras"
"https://stackoverflow.com/questions/72937188","Custom activation function dependant on other output nodes in Keras","keras"
"https://stackoverflow.com/questions/72886193","Making a Convolutional Neural Network from a flow diagram","keras"
"https://stackoverflow.com/questions/64573402","architecture of an LSTM network","keras"
"https://stackoverflow.com/questions/62906979","many to many sequence prediction variable length input/output inkeras","keras"
"https://stackoverflow.com/questions/69233420","LSTM same sentence in different batch predict different score when padding sequence","keras"
"https://stackoverflow.com/questions/65724879","Why do I get the exact same weights for compression levels ""None"" and ""4x"" in X-Cube-AI / STM32CubeMX.AI?","keras"
"https://stackoverflow.com/questions/70415439","Transformation to multilabel classification","keras"
"https://stackoverflow.com/questions/74344921","Extracting embeddings from a keras neural network's intermediate layer","keras"
"https://stackoverflow.com/questions/66631146","Validation Generator with Previously Split Data Keras","keras"
"https://stackoverflow.com/questions/67141981","Why i've got a three different MSE values","keras"
"https://stackoverflow.com/questions/64665679","Input layer max_pooling1d is incompatible, what is the problem?","keras"
"https://stackoverflow.com/questions/76289764","Understanding action & observation spaces in gym for custom environments and agents","keras"
"https://stackoverflow.com/questions/68313050","Communication between Python Keras CNN Model and C# Backend Project","keras"
"https://stackoverflow.com/questions/65205309","Get the recall over the epochs in keras","keras"
"https://stackoverflow.com/questions/65628074","Is it ok to have the training history very similar to the validation history?","keras"
"https://stackoverflow.com/questions/68145256","Why do you need a threshold when tokenizing a text corpus?","keras"
"https://stackoverflow.com/questions/67360314","What is the correct last layer for a concatenate multi-input deep neural network in Keras?","keras"
"https://stackoverflow.com/questions/67192941","Neural Network with an input array of size 4 and output array of size 8","keras"
"https://stackoverflow.com/questions/72173830","Using lime with keras with a sequential model - invalid 'dimnames' given for data frame","keras"
"https://stackoverflow.com/questions/65493913","explain model.fit in LSTM encoder-decoder with Attention model for Text Summarization using Keras /Tensorflow","keras"
"https://stackoverflow.com/questions/65322907","CNN regression results in two distinct (incorrect) predictions","keras"
"https://stackoverflow.com/questions/65453529","Suppress (hard to catch) output of an R function","keras"
"https://stackoverflow.com/questions/65915176","Yolo from scratch dataset and output","keras"
"https://stackoverflow.com/questions/64228000","LSTM input shape through json file","keras"
"https://stackoverflow.com/questions/73109107","Argmax in a Keras multiclassifier ANN","keras"
"https://stackoverflow.com/questions/66437807","The best loss function and optimizer to use in Keras for malware machine learning?","keras"
"https://stackoverflow.com/questions/71923362","Neural network on split data","keras"
"https://stackoverflow.com/questions/71205178","question to tutorial cifar10 with resnet50 train problem","keras"
"https://stackoverflow.com/questions/62845256","Keras Save Model","keras"
"https://stackoverflow.com/questions/64476565","Good training accuracy and validaiton accuracy but poor prediction accuracy","keras"
"https://stackoverflow.com/questions/64094487","Machine learning Classification: Appending/ Attaching Prediction Column to original sataset with matching Index number","keras"
"https://stackoverflow.com/questions/65673305","sequential model testing in keras","keras"
"https://stackoverflow.com/questions/71184387","Does the ordering of 'rows' at the level of timesteps matter, for a RNN input in Keras?","keras"
"https://stackoverflow.com/questions/72227926","Deep learning CNN: low accuracy","keras"
"https://stackoverflow.com/questions/69361783","What is meant by id's and labels in keras data generator?","keras"
"https://stackoverflow.com/questions/65132362","Classification ANN stuck at 60%","keras"
"https://stackoverflow.com/questions/66943593","Keras preprocessing trading data","keras"
"https://stackoverflow.com/questions/70623764","Nested list after making a keras prediction","keras"
"https://stackoverflow.com/questions/63114165","Shell restarts every time I import keras","keras"
"https://stackoverflow.com/questions/72564316","Keras-rl ValueError""Model has more than one output. DQN expects a model that has a single output""","keras"
"https://stackoverflow.com/questions/63368962","Introduction part in Deep Learning with Keras using Python","keras"
"https://stackoverflow.com/questions/75128107","Can't convert non-rectangular Python sequence to Tensor error, when following the example from Keras website","keras"
"https://stackoverflow.com/questions/67650260","compilation step in keras sequential model throwing the error ""ValueError: Input 0 of layer sequential_9 is incompatible with the layer:","keras"
"https://stackoverflow.com/questions/73846644","Keras: Better Way to expand dimensions of 2D numpy array","keras"
"https://stackoverflow.com/questions/66353927","Training checkpoints for deep learning with Keras","keras"
"https://stackoverflow.com/questions/63800742","A single-layer network sequential data example","keras"
"https://stackoverflow.com/questions/64759187","My neural networks predict is giving me an error: IndexError: list index out of range","keras"
"https://stackoverflow.com/questions/68819610","Keras training with Adam stops prematurely","keras"
"https://stackoverflow.com/questions/65867552","So many null value features while doing feature extraction using VGG19","keras"
"https://stackoverflow.com/questions/67019157","Why does keras model predicts all as ones if used with one-hot labels and categorical_crossentropy amnd softmax output","keras"
"https://stackoverflow.com/questions/68784743","In what order are the classses in the output of model.predict (keras)?","keras"
"https://stackoverflow.com/questions/64760496","Where are the hidden layers?","keras"
"https://stackoverflow.com/questions/75492321","FileNotFoundError: [Errno 2] No such file or directory for Image Dataset one-hot encoded","keras"
"https://stackoverflow.com/questions/64795078","Neural Net Activation Function with Numerical, Categorical Output","keras"
"https://stackoverflow.com/questions/71479172","LSTM Regression issues with masking and intuition (keras)","keras"
"https://stackoverflow.com/questions/64863517","Overfitting in RNN for S&P prediction","keras"
"https://stackoverflow.com/questions/72817833","import cv2 import os cap = cv2.VideoCapture(0) recognizer = cv2.face.LBPHFaceRecognizer_create() cascadePath = ""haarcascade_frontal","keras"
"https://stackoverflow.com/questions/75964747","TypeError: Sequential.__init__() takes from 1 to 3 positional arguments but 4 were given","keras"
"https://stackoverflow.com/questions/65000544","Incomprehension of input data for the LSTM model","keras"
"https://stackoverflow.com/questions/74805028","Initial Value of the Y Features in a Keras LSTM Model","keras"
"https://stackoverflow.com/questions/65416045","text classification using neural network in keras - model is weak","keras"
"https://stackoverflow.com/questions/74648285","Sequential Model incompatible with layer","keras"
"https://stackoverflow.com/questions/74021486","Why is the mse as a loss different from the mse as a metric in keras?","keras"
"https://stackoverflow.com/questions/63089452","Input problem with siamese network with customize datagenerator","keras"
"https://stackoverflow.com/questions/72237364","Dimension issues for LSTM sequence model on Keras","keras"
"https://stackoverflow.com/questions/67727890","RNN LSTM valueError while training","keras"
"https://stackoverflow.com/questions/63824028","Loss function testing","keras"
"https://stackoverflow.com/questions/64247284","Accepted width and height for Keras models","keras"
"https://stackoverflow.com/questions/75370436","Keras CategoryEncoding layer with time sequences","keras"
"https://stackoverflow.com/questions/71886992","Slicing a tensor with Keras","keras"
"https://stackoverflow.com/questions/66407123","Keras accuracy returning 0","keras"
"https://stackoverflow.com/questions/63782161","dimension of the input layer for embeddings in Keras","keras"
"https://stackoverflow.com/questions/73262126","Using the same unseen data for validation and testing has large performance metric difference","keras"
"https://stackoverflow.com/questions/72087912","Keras backend: argmax if above threshold, else -1","keras"
"https://stackoverflow.com/questions/67441345","One hot encoding increases sizes of target data","keras"
"https://stackoverflow.com/questions/72522411","LSTM Prediction with Low Accuracy","keras"
"https://stackoverflow.com/questions/74743921","Error optimizer parameter not legal in Keras function","keras"
"https://stackoverflow.com/questions/73434988","Input Layer for Conv1D in Keras","keras"
"https://stackoverflow.com/questions/66202110","Is the smaller input size quicker on transfer learning to converge and is that ok on seeking better accuracy?","keras"
"https://stackoverflow.com/questions/63330598","Generating a numpy-ndarray from dataframe for keras data","keras"
"https://stackoverflow.com/questions/65225816","Keras image classification network always predicting one class, and stays at 50% accuracy","keras"
"https://stackoverflow.com/questions/63388898","Concatenate differently shaped keras layer outputs","keras"
"https://stackoverflow.com/questions/70376976","Channel width not displayed for data augmentation of Grayscale image","keras"
"https://stackoverflow.com/questions/66099474","The accuracy of fit_generator and fit is different","keras"
"https://stackoverflow.com/questions/65839760","Unable to save model using call backs in keras","keras"
"https://stackoverflow.com/questions/67110323","Why my Linear Regession model gives me error when all of my inputs are integers","keras"
"https://stackoverflow.com/questions/63254807","l1 regularizer in Keras gives error ""'Tensor' object is not callable""","keras"
"https://stackoverflow.com/questions/74281920","Does ImageDataGenerator applies more than one transformation to a single image?","keras"
"https://stackoverflow.com/questions/76252700","Same model performs very diferent in Keras and Flux","keras"
"https://stackoverflow.com/questions/72744278","Keras tuner Bayesian Optmization graph error","keras"
"https://stackoverflow.com/questions/63167041","Can LSTMs handle incredibly dense time-series data?","keras"
"https://stackoverflow.com/questions/70817268","Predictions become irrational after adding weights to the fit","keras"
"https://stackoverflow.com/questions/72191908","Keras deep clustering undefined errors in clustering custom layer","keras"
"https://stackoverflow.com/questions/63193301","Remove directory from filepath","keras"
"https://stackoverflow.com/questions/65960685","Keras fails to find solution to linear convex problem","keras"
"https://stackoverflow.com/questions/75419766","One Hot encoding for [-1,1] labels","keras"
"https://stackoverflow.com/questions/70000444","Before training the CNN network score on the testing data","keras"
"https://stackoverflow.com/questions/75632413","epoch taking too long,","keras"
"https://stackoverflow.com/questions/69412519","Problems calculating performance and plotting LSTM predictions","keras"
"https://stackoverflow.com/questions/63372648","Error with input shape in Keras while training CBOW model","keras"
"https://stackoverflow.com/questions/75203090","tensorflow Keras: Dimenions must be equal ValueError","keras"
"https://stackoverflow.com/questions/74815755","ValueError: Unknown label type: continuous. When implementing regression","keras"
"https://stackoverflow.com/questions/63199310","Keras: Make functional model accept multiple batches for LSTM","keras"
"https://stackoverflow.com/questions/63795964","Having a problem with input_shape on Conv1d Layer","keras"
"https://stackoverflow.com/questions/64714658","CIFAR-10 python architicture","keras"
"https://stackoverflow.com/questions/64377670","Custom data generator","keras"
"https://stackoverflow.com/questions/72141964","Value error in convolutional neural network due to data shape","keras"
"https://stackoverflow.com/questions/70510928","Standardisation of data for Keras in R","keras"
"https://stackoverflow.com/questions/65013600","Implementing LSTM in Keras. ValueError: layer sequential is incompatible with the layer","keras"
"https://stackoverflow.com/questions/74667517","Invalid Shape Error when trying to leverage Keras's VGG16 pretrained model","keras"
"https://stackoverflow.com/questions/72504786","Problem with defining derived class in python","keras"
"https://stackoverflow.com/questions/63860392","Failure plotting the graph and accuracy","keras"
"https://stackoverflow.com/questions/69144547","Preprocess data for lstm in keras - Numpy, selecting every nth row loses me a dimension","keras"
"https://stackoverflow.com/questions/70160238","Model was constructed with shape (None, 28) problem","keras"
"https://stackoverflow.com/questions/63361677","I get different validation loss for almost same type of accuracy","keras"
"https://stackoverflow.com/questions/69590971","Add custom output layer to built-in (functional) keras model in R","keras"
"https://stackoverflow.com/questions/72795852","Due to huge images. Can we generalize flow_from_directory method for regression problem (CNN): input image and output is x,y (float)","keras"
"https://stackoverflow.com/questions/75676943","LSTM Model overfitting or under-fitting?","keras"
"https://stackoverflow.com/questions/64651506","Multiprocessing - Using a process as a service/api","keras"
"https://stackoverflow.com/questions/63687794","Q: ValueError Keras expected conv2d_14_input to have shape (3, 12, 1) but got array with shape (3, 12, 6500)?","keras"
"https://stackoverflow.com/questions/69327301","Keras predict repeated columns","keras"
"https://stackoverflow.com/questions/75578232","What is the input dimension for a LSTM in Keras?","keras"
"https://stackoverflow.com/questions/74344947","Bi-LSTM with Keras : dimensions must be equal but are 7 and 300","keras"
"https://stackoverflow.com/questions/64623625","Different overfitting for three models with the same structure","keras"
"https://stackoverflow.com/questions/63329804","Keras LSTM Input and Output Dimension Issue","keras"
"https://stackoverflow.com/questions/71542114","ValueError: Error when checking input: expected vgg16_input to have shape (224, 224, 3) but got array with shape (224, 224, 1)","keras"
"https://stackoverflow.com/questions/68211218","Keras loss: nan on longer lstm lookbacks","keras"
"https://stackoverflow.com/questions/74376277","Keras Input 0 of layer ""conv2d_1"" is incompatible with the layer: expected min_ndim=4, found ndim=2. Full shape received: (None, 1)","keras"
"https://stackoverflow.com/questions/72997553","Why Next on Keras DictionaryIterator returns all the images and not just one?","keras"
"https://stackoverflow.com/questions/73126407","Zero validation loss and validation accuracy at classification problem","keras"
"https://stackoverflow.com/questions/69425778","IndentationError: expected an indented block in requests.adapter","keras"
"https://stackoverflow.com/questions/73873119","Semantic Segmentation Loss Function for known number of objects and object shape","keras"
"https://stackoverflow.com/questions/64152211","My Keras Sequential Model is giving me a 0 accuracy","keras"
"https://stackoverflow.com/questions/71790066","I need a numpy vector with the shape (N,1) and not (N,) for multiple inputs, __data_generator XY problem i need my X","keras"
"https://stackoverflow.com/questions/75415564","Why VAE in Keras has an exponential?","keras"
"https://stackoverflow.com/questions/65618437","Is my neural network suffering from overfitting or underfitting?","keras"
"https://stackoverflow.com/questions/75466325","Meaning of 2D input in Keras LSTM","keras"
"https://stackoverflow.com/questions/75762820","Custom loss function for sports betting","keras"
"https://stackoverflow.com/questions/65889068","ValueError while running keras model in Python","keras"
"https://stackoverflow.com/questions/71421941","Negative dimension size caused by subtracting 5 from 4","keras"
"https://stackoverflow.com/questions/64320063","Why this simple keras 3 class classifier is predicting only one class instead of other classes?","keras"
"https://stackoverflow.com/questions/73448322","For loop inside an array?","keras"
"https://stackoverflow.com/questions/67611570","Is it possible to deploy pretrained CNN to a machine that doesnt have nvidia GPU?","keras"
"https://stackoverflow.com/questions/62982254","CNN incompatible","keras"
"https://stackoverflow.com/questions/67225803","Keras NoneTypeError in deep auto-encoder-decoder structure / Shape error","keras"
"https://stackoverflow.com/questions/65787026","keras transfer learning add one layer before and select a particular layer as output","keras"
"https://stackoverflow.com/questions/63142508","MaxPooling2D - Positional Argument follows keyword argument","keras"
"https://stackoverflow.com/questions/74307362","is it possible to log an ROC Curve onto a CSV file","keras"
"https://stackoverflow.com/questions/64801120","Testing on Existing NLP Model","keras"
"https://stackoverflow.com/questions/65012138","Python: Formatting timeseries data for machine learning","keras"
"https://stackoverflow.com/questions/68015720","I am trying to train a model but got an error says (ValueError: Shapes (16, 16) and (16, 2) are incompatible)","keras"
"https://stackoverflow.com/questions/69180412","Definining the arquitecture for a CNN model","keras"
"https://stackoverflow.com/questions/75952483","Loss function for a Siamese neural network","keras"
"https://stackoverflow.com/questions/75892721","Different results when evaluate the model performance on test data using model.evaluate and model.predict","keras"
"https://stackoverflow.com/questions/62932191","Expected conv2d_19_input to have 4 dimensions Error in CNN via Python","keras"
"https://stackoverflow.com/questions/65679584","Attribute error while creating CNN model in Keras","keras"
"https://stackoverflow.com/questions/75209947","Deep Q Learning Approach for the card game Schnapsen","keras"
"https://stackoverflow.com/questions/73964697","Transforming a DataFrame into a Keras dataset","keras"
"https://stackoverflow.com/questions/68893746","Change learning rate within minibatch - keras","keras"
"https://stackoverflow.com/questions/67501656","Text classification for more than 2 classes with python and keras","keras"
"https://stackoverflow.com/questions/73422130","What are all the valid strings I can use with keras.model.compile?","keras"
"https://stackoverflow.com/questions/64893955","keras training on big datasets seperately keras","keras"
"https://stackoverflow.com/questions/73278854","Multi dimensional input multi dimensional output rnn keras data preprocessing","keras"
"https://stackoverflow.com/questions/74062036","Keras seq2seq model Output Shapes","keras"
"https://stackoverflow.com/questions/73099998","What's the right way to specify a Keras input that contains data of different shape?","keras"
"https://stackoverflow.com/questions/64188884","why is my model performing poorly for a keras sequential model?","keras"
"https://stackoverflow.com/questions/65801293","Asymetric metrics in Keras","keras"
"https://stackoverflow.com/questions/67138467","compare the precision of a single class in the callback instance in tf.keras.callbacks.Callback","keras"
"https://stackoverflow.com/questions/67159330","What is the difference between keras.layer()(x) and keras.layer(x) in the functional API of keras?","keras"
"https://stackoverflow.com/questions/73869860","R keras concatenate layers in U-net","keras"
"https://stackoverflow.com/questions/73296320","LSTM custom Loss function caued error. ValueError: too many values to unpack (expected 4)","keras"
"https://stackoverflow.com/questions/75908079","ValueError: Input 0 of layer ""conv1d"" is incompatible with the layer: expected min_ndim=3, found ndim=2. Full shape received: (None, 128)","keras"
"https://stackoverflow.com/questions/63470806","making prediction on the entire testset","keras"
"https://stackoverflow.com/questions/65842406","What is Keras ImageDataGenerator logic?","keras"
"https://stackoverflow.com/questions/75158430","Error 'img' when applying increment with keras and transformers for image classification","keras"
"https://stackoverflow.com/questions/71250317","sklearn ROC curver","keras"
"https://stackoverflow.com/questions/71624738","Extracting Transfer learning output from CNN Keras","keras"
"https://stackoverflow.com/questions/72841174","CNN: Calculating Output Shape","keras"
"https://stackoverflow.com/questions/74981572","Python train convolutional neural network on csv numpy error input shape","keras"
"https://stackoverflow.com/questions/69148071","Modify the shape of a numpy array","keras"
"https://stackoverflow.com/questions/69345905","Calculate the shape - Keras","keras"
"https://stackoverflow.com/questions/67898749","Should I restandardize training data during retraining?","keras"
"https://stackoverflow.com/questions/72059778","Custom Trainable Layers in Keras","keras"
"https://stackoverflow.com/questions/70636350","Why the combination of model subclassing and TFRecord does not work?","keras"
"https://stackoverflow.com/questions/65383668","Pandas DataFrame: list in data?","keras"
"https://stackoverflow.com/questions/74335414","Can model.h5 file be accessed at the backend using load_model from Keras library?","keras"
"https://stackoverflow.com/questions/69796369","Problem with dimensionality in Keras RNN - reshape isn't working?","keras"
"https://stackoverflow.com/questions/62953602","Dimensionality error while using CNN conv1d model","keras"
"https://stackoverflow.com/questions/74725576","The performance of a model with different output loss configurations in Sequential and Functional APIs differ in Keras","keras"
"https://stackoverflow.com/questions/65858291","Keras InvalidArgumentError in first convolutional block of UNET with 2 channel image","keras"
"https://stackoverflow.com/questions/75888196","Why doesn't restore_best_weights=True update results?","keras"
"https://stackoverflow.com/questions/65001901","Keras custom layer function","keras"
"https://stackoverflow.com/questions/64894498","Facing problem in fetching the value of accuracy and validation accuracy on epoch ends","keras"
"https://stackoverflow.com/questions/63621142","Dynamic name formatting with epoch number for .tsv file creation","keras"
"https://stackoverflow.com/questions/65038373","An optimization algorithm","keras"
"https://stackoverflow.com/questions/69036074","about Keras and classification","keras"
"https://stackoverflow.com/questions/76282329","Keras custom loss with external data","keras"
"https://stackoverflow.com/questions/74921183","numpy.float64 object is not callable error on concrete dataset","keras"
"https://stackoverflow.com/questions/64466328","In this situation, which model is better?","keras"
"https://stackoverflow.com/questions/74050236","Extract list of values in a pandas column","keras"
"https://stackoverflow.com/questions/73680525","Very low accuracy cnn","keras"
"https://stackoverflow.com/questions/75473228","Keras Tuner on autoencoder - Add condition : first hidden layer units greater than or equal next hidden layer units","keras"
"https://stackoverflow.com/questions/74482158","keras.layers.MaxPool3D: ValueError","keras"
"https://stackoverflow.com/questions/74864106","What is the best way to model an environment to force an agent to select `x out of n` choices?","keras"
"https://stackoverflow.com/questions/67168990","vectorization of framewise Binary accuracy calculation","keras"
"https://stackoverflow.com/questions/63539159","Syntax Keras layer definition","keras"
"https://stackoverflow.com/questions/75907378","Why does LSTM produce NaN losses?","keras"
"https://stackoverflow.com/questions/68648985","Reshaping inputs to be fed to first layer in Keras","keras"
"https://stackoverflow.com/questions/75522176","Keras Shapes (None, 3) and (None, 4, 3) are incompatible","keras"
"https://stackoverflow.com/questions/64722905","Which Keras output layer / loss function to use in the following scenario","keras"
"https://stackoverflow.com/questions/66840108","Keras producing model with no accuracy","keras"
"https://stackoverflow.com/questions/72156929","Stop Keras when fails to converge after a specified time","keras"
"https://stackoverflow.com/questions/70609250","Imposing grammar rules manually on Sequence2Sequence keras model","keras"
"https://stackoverflow.com/questions/65228016","what changes should i make to this model to achieve higher precision accuracy","keras"
"https://stackoverflow.com/questions/72779133","Wrap Keras LSTM layers in a function the correct way","keras"
"https://stackoverflow.com/questions/76008159","add an attention mechanism in kersa","keras"
"https://stackoverflow.com/questions/75589224","Add zero vector row per group in pandas","keras"
"https://stackoverflow.com/questions/75315650","Errow while loading the image data set from computer","keras"
"https://stackoverflow.com/questions/73512910","Keras ImageDataGenerator/flow_from_dir distorting image","keras"
"https://stackoverflow.com/questions/64630690","method object not subscriptable","keras"
"https://stackoverflow.com/questions/76145530","TypeError: tuple indices must be integers or slices, not NoneType","keras"
"https://stackoverflow.com/questions/75955317","I want to concatenate these two models","keras"
"https://stackoverflow.com/questions/66835847","Getting a prediction from Keras with a 1-D array","keras"
"https://stackoverflow.com/questions/72799754","fit_transform and inverse_transform on two different scripts","keras"
"https://stackoverflow.com/questions/74904895","CNN layers confusion","keras"
"https://stackoverflow.com/questions/65281982","Problem with calculation Precision and Recall","keras"
"https://stackoverflow.com/questions/70110524","add a CSV dataframe to a dictionary separating by name","keras"
"https://stackoverflow.com/questions/65695581","Neural network predictions not as expected","keras"
"https://stackoverflow.com/questions/75499991","Keras model.fit returns NoneType object","keras"
"https://stackoverflow.com/questions/75635558","Get Second/Third Best Hyperparameters for comparison (keras tuner)","keras"
"https://stackoverflow.com/questions/73051987","Have trouble with verification result in Jupyter when run Python","keras"
"https://stackoverflow.com/questions/75877960","Trouble with layers shapes in Keras","keras"
"https://stackoverflow.com/questions/66090018","Error when using one hot vectors as labels for training","keras"
"https://stackoverflow.com/questions/76017615","Covering two data frames into one array of dimentionality (nrow, ncol, 2)","keras"
"https://stackoverflow.com/questions/68711877","Custom layer in Keras","keras"
"https://stackoverflow.com/questions/64851231","Sort multidimensional np.array with given indices along an axis","keras"
"https://stackoverflow.com/questions/68172922","keras raise No gradients provided for any variable for a simple model","keras"
"https://stackoverflow.com/questions/75383439","Explicit gradient for custom loss function in keras","keras"
"https://stackoverflow.com/questions/74176979","keras input not matching output confusion","keras"
"https://stackoverflow.com/questions/75928534","Concatenate original train dataset of images with augmented train dataset","keras"
"https://stackoverflow.com/questions/75025366","ValueError: A target array with shape (160, 299, 299, 3) was passed for an output of shape (None, 1) while using as loss `binary_crossentropy`","keras"
"https://stackoverflow.com/questions/75440700","TypeError: Input 'y' of 'Mul' Op has type float32 that does not match type int64 of argument 'x'. in computer vision","keras"
"https://stackoverflow.com/questions/75904931","Can't Initialise Two Different Tokenizers with Keras","keras"
"https://stackoverflow.com/questions/76574725","Explanation about layers in machine learning model","keras"
"https://stackoverflow.com/questions/62850541","Keras function parameters not valid Python?","keras"
"https://stackoverflow.com/questions/75952814","Can't add random noise to weights inside a Keras Layer","keras"
"https://stackoverflow.com/questions/69217562","import two versions of library in same Python script?","keras"
"https://stackoverflow.com/questions/75671317","Adding unprocessed input to later layers in a neural network","keras"
"https://stackoverflow.com/questions/63580022","Keras fit method giving expected dense_1 to have 2 dimensions, but got array with shape (196, 353, 1)","keras"
"https://stackoverflow.com/questions/75391190","Keras ZeroPadding","keras"
"https://stackoverflow.com/questions/74625597","Questions regarding custom multiclass metrics (Keras)","keras"
"https://stackoverflow.com/questions/75400680","Keras model in R","keras"
"https://stackoverflow.com/questions/64873640","Retrieve input values after passing to hidden layer in every epoch by using autoencoder","keras"
"https://stackoverflow.com/questions/73609100","Keras Conv1D input for a very large number of samples","keras"
"https://stackoverflow.com/questions/66013271","In keras, is doing fit() over many single datepoints the same as doing fit() over a dataset?","keras"
"https://stackoverflow.com/questions/69631577","Training built-in convnets on array data in R keras","keras"
"https://stackoverflow.com/questions/74782778","Pass from one file to another a constant variable, without using function parameters","keras"
"https://stackoverflow.com/questions/65454942","Getting non-brodcastable error in my LSTM","keras"
"https://stackoverflow.com/questions/65673445","Dimensions problem with logits and labels","keras"
"https://stackoverflow.com/questions/76080611","LSTM Model Validation Accuracy not following Training Accuracy","keras"
"https://stackoverflow.com/questions/75649848","predicting data bug with keras","keras"
"https://stackoverflow.com/questions/63672642","AtrributeError: Get-session","keras"
"https://stackoverflow.com/questions/75000293","Keras Flatten and GRU input_shape difference receiving same inputs","keras"
"https://stackoverflow.com/questions/75416511","Python keras ValueError: ['selam'] is not in list error","keras"
"https://stackoverflow.com/questions/75948110","LSTM +Attetion performance decreases","keras"
"https://stackoverflow.com/questions/64013781","Improperly concatenating LSTM layers in Python keras","keras"
"https://stackoverflow.com/questions/62749573","keras RNN running on less samples","keras"
"https://stackoverflow.com/questions/75661029","Check whether a variable is instance of ResNet50","keras"
"https://stackoverflow.com/questions/76530892","Python ANN - Getting High Accuracy Results Even with over-complex model","keras"
"https://stackoverflow.com/questions/76553128","Keras for creating CNN - Size of array double number of training images","keras"
"https://stackoverflow.com/questions/73691022","Keras evaluate Accuracy w.r.t. a feature","keras"
"https://stackoverflow.com/questions/76047834","Stream in images to keras from disk to avoid blowing up the memory","keras"
"https://stackoverflow.com/questions/65692844","Not clear about the overall structure of my model","keras"
"https://stackoverflow.com/questions/64466301","Changing one model automatically Changes another in keras","keras"
"https://stackoverflow.com/questions/69343503","Is there any benefits of identifying input_shape in the first layer of a Keras model?","keras"
"https://stackoverflow.com/questions/73802906","Custom keras callback to determine total training time","keras"
"https://stackoverflow.com/questions/76094176","Input 0 of layer ""sequential_2"" is incompatible with the layer: expected shape=(None, 256, 256, 1), found shape=(None, 65536)","keras"
"https://stackoverflow.com/questions/73805371","Keras network accuracy is0%","keras"